tic,skor,ara60,ever,harga,likuid
MGNA,0.9938630490956073,3.0,5,216.0,598198300.0
SAFE,0.9886950904392764,3.0,12,1045.0,57376800.0
SEMA,0.9861111111111112,1.0,4,264.0,203426350.0
NASI,0.975452196382429,1.0,6,234.0,687992850.0
ASPI,0.963501291989664,4.0,16,690.0,791382300.0
UANG,0.9605943152454781,4.0,30,3950.0,1031217000.0
JARR,0.9602713178294574,2.0,19,3600.0,71613913500.0
TEBE,0.959625322997416,2.0,9,2080.0,20949031750.0
POLA,0.959625322997416,1.0,3,80.0,775320750.0
PTSN,0.9560723514211887,1.0,3,392.0,166488800.0
FPNI,0.9560723514211886,2.0,10,600.0,6024730250.0
DPUM,0.9551033591731266,1.0,7,146.0,2232371550.0
SAPX,0.9521963824289406,4.0,7,306.0,242047100.0
IDEA,0.9470284237726099,0.0,0,123.0,264539750.0
SQMI,0.9454134366925063,1.0,1,99.0,23326379550.0
MITI,0.9425064599483204,2.0,4,292.0,893350400.0
WAPO,0.9421834625322998,0.0,9,232.0,255072900.0
SMMT,0.9405684754521964,1.0,3,2910.0,641972250.0
AKSI,0.9386304909560724,1.0,11,388.0,413644800.0
CCSI,0.9357235142118863,1.0,5,422.0,356044700.0
AGAR,0.9324935400516796,8.0,19,1840.0,408942750.0
KICI,0.917312661498708,1.0,10,352.0,772415800.0
SRSN,0.914405684754522,0.0,0,129.0,11383949250.0
AYLS,0.9105297157622739,1.0,11,174.0,284260650.0
HBAT,0.9102067183462532,0.0,0,390.0,305112900.0
FOLK,0.9072997416020672,0.0,5,244.0,6783758900.0
BKDP,0.8950258397932817,1.0,4,168.0,673249650.0
ULTJ,0.893733850129199,0.0,0,2060.0,5358989000.0
CASH,0.8921188630490956,0.0,0,272.0,329535100.0
ASLI,0.8895348837209303,1.0,11,362.0,27654353300.0
ELIT,0.8875968992248062,1.0,6,272.0,6878870000.0
VISI,0.8830749354005168,1.0,10,1215.0,897245500.0
SINI,0.8830749354005167,0.0,18,16900.0,160274532500.0
ACST,0.881782945736434,0.0,3,114.0,74336900.0
VOKS,0.8811369509043927,2.0,9,284.0,113000200.0
PGUN,0.8791989664082688,1.0,28,9525.0,875690000.0
RONY,0.8762919896640826,3.0,10,1470.0,27210000.0
MSJA,0.875,0.0,0,815.0,7998691050.0
JECC,0.8720930232558138,1.0,7,840.0,39760500.0
PIPA,0.8695090439276486,0.0,9,178.0,33513987800.0
LAPD,0.8666020671834624,2.0,4,82.0,1964145550.0
TRIM,0.8640180878552972,0.0,1,840.0,392371250.0
MUTU,0.8640180878552972,0.0,0,136.0,2080028550.0
NATO,0.8636950904392764,2.0,11,1085.0,297753250.0
MOLI,0.8607881136950903,0.0,2,380.0,1335516500.0
BMSR,0.8546511627906976,0.0,3,358.0,10653100.0
FUJI,0.8514211886304909,2.0,9,286.0,939335100.0
AIMS,0.849483204134367,1.0,13,515.0,225878300.0
ICON,0.8472222222222223,0.0,3,155.0,3481421650.0
BIKE,0.8436692506459947,1.0,4,1130.0,356068250.0
VICI,0.8401162790697675,0.0,2,1140.0,5606150500.0
AREA,0.8401162790697675,0.0,1,328.0,618311900.0
GTRA,0.8372093023255814,1.0,5,250.0,122616700.0
BYAN,0.834625322997416,4.0,6,13825.0,20478500000.0
CSMI,0.8326873385012921,2.0,3,174.0,2253091350.0
CAMP,0.829780361757106,0.0,1,202.0,95077750.0
SSMS,0.8297803617571059,0.0,1,1180.0,11568881750.0
UVCR,0.8288113695090439,0.0,2,178.0,7316158450.0
LFLO,0.8233204134366925,0.0,0,625.0,3641650.0
KKES,0.8197674418604651,1.0,1,87.0,3658084450.0
POLU,0.8191214470284238,1.0,49,17000.0,263142500.0
SHID,0.8187984496124031,2.0,11,735.0,38555300.0
AGII,0.8058785529715763,0.0,4,3740.0,338601000.0
SCCO,0.8049095607235143,0.0,0,2620.0,111292500.0
AMMN,0.804263565891473,0.0,1,4680.0,320349908500.0
ERAA,0.8036175710594315,0.0,0,625.0,65448030550.0
TIFA,0.8020025839793281,3.0,4,310.0,33388700.0
NICE,0.7997416020671835,1.0,3,362.0,660779600.0
HOMI,0.7984496124031008,0.0,1,254.0,788268900.0
MBTO,0.7978036175710594,0.0,7,154.0,629473450.0
FORU,0.7968346253229974,2.0,14,3010.0,11842104500.0
BRMS,0.7968346253229974,0.0,1,720.0,190477352750.0
IRSX,0.7968346253229974,0.0,4,416.0,19661667500.0
ECII,0.7948966408268734,1.0,4,167.0,237600100.0
KIJA,0.7929586563307494,1.0,2,180.0,78291973350.0
FLMC,0.792312661498708,0.0,0,95.0,853254400.0
BEEF,0.7910206718346253,1.0,5,418.0,2516590400.0
CRSN,0.790374677002584,0.0,0,138.0,194172600.0
SOHO,0.789405684754522,1.0,13,1620.0,137421500.0
GRIA,0.789405684754522,0.0,3,170.0,538089950.0
JAWA,0.7890826873385013,0.0,7,156.0,1080174050.0
INCI,0.7871447028423773,0.0,0,815.0,73598500.0
LUCY,0.7861757105943152,0.0,0,362.0,22405889400.0
SPRE,0.7858527131782945,0.0,0,98.0,246205700.0
TUGU,0.7816537467700257,0.0,0,1590.0,2993077250.0
RSCH,0.7810077519379846,0.0,1,440.0,9136510700.0
TRJA,0.7806847545219637,0.0,0,129.0,97834600.0
KBLM,0.7784237726098191,0.0,1,372.0,47076800.0
TGUK,0.7781007751937985,0.0,4,101.0,742803950.0
TNCA,0.7761627906976745,0.0,8,180.0,269032150.0
PLAN,0.7745478036175711,0.0,0,65.0,565751500.0
BWPT,0.7722868217054264,0.0,1,120.0,34457092900.0
PSAB,0.7703488372093024,0.0,4,560.0,39344645000.0
ARCI,0.7700258397932817,0.0,1,1380.0,58794376750.0
SOCI,0.7700258397932817,0.0,3,645.0,12359283500.0
SMDR,0.7693798449612403,0.0,0,394.0,6599401700.0
TRIN,0.7671188630490956,0.0,9,358.0,10845002400.0
PPRI,0.766795865633075,0.0,4,165.0,714297650.0
BLUE,0.7658268733850129,0.0,7,2990.0,813146000.0
CENT,0.7651808785529716,0.0,4,104.0,1315075650.0
NICK,0.7622739018087855,1.0,5,2820.0,42341500.0
PKPK,0.7613049095607236,0.0,2,4300.0,3328978000.0
TRUK,0.7613049095607235,4.0,13,1420.0,329629500.0
INET,0.7580749354005168,1.0,10,332.0,220529048700.0
WIRG,0.7551679586563307,0.0,0,73.0,13171459000.0
MEDS,0.7545219638242893,1.0,5,82.0,2749811550.0
DEWI,0.750968992248062,0.0,1,189.0,7202081700.0
MINE,0.748062015503876,0.0,1,306.0,538994700.0
VTNY,0.748062015503876,0.0,3,74.0,2013584850.0
POWR,0.7474160206718348,0.0,0,1025.0,7686623500.0
KJEN,0.7467700258397933,0.0,10,161.0,1169844250.0
GDST,0.7451550387596899,0.0,1,120.0,813129050.0
KOCI,0.7445090439276486,0.0,5,119.0,2497444350.0
KKGI,0.7438630490956072,0.0,0,324.0,1063036100.0
IMPC,0.7432170542635659,0.0,1,1695.0,26436818500.0
KETR,0.7432170542635659,0.0,10,995.0,36269220250.0
VICO,0.7412790697674418,0.0,2,172.0,16914400.0
BBLD,0.7399870801033592,0.0,0,670.0,39024750.0
SMLE,0.7399870801033592,0.0,2,210.0,5073002400.0
MSIE,0.7380490956072351,0.0,0,173.0,1899169950.0
SMKM,0.7374031007751938,0.0,0,95.0,362705350.0
LSIP,0.7370801033591731,0.0,0,1695.0,17851754500.0
EKAD,0.7370801033591731,3.0,3,398.0,4418981900.0
RELI,0.7361111111111112,0.0,8,560.0,8315250.0
TOWR,0.735142118863049,0.0,0,414.0,25355595600.0
PICO,0.7344961240310077,1.0,11,177.0,412833800.0
SOFA,0.7322351421188631,0.0,0,350.0,1895047100.0
NRCA,0.7296511627906976,0.0,10,585.0,3746572000.0
GWSA,0.726421188630491,0.0,0,158.0,252473250.0
AHAP,0.726421188630491,0.0,5,104.0,2490896700.0
BAJA,0.7235142118863049,3.0,4,350.0,1459430400.0
LABS,0.7222222222222222,0.0,1,173.0,204254000.0
JATI,0.7218992248062016,0.0,5,117.0,1901094850.0
JAYA,0.7215762273901809,0.0,3,160.0,1262642950.0
VAST,0.7170542635658914,0.0,3,122.0,190909550.0
PTSP,0.7164082687338501,2.0,9,1245.0,75498250.0
AADI,0.7144702842377261,0.0,0,11975.0,135750842500.0
DEFI,0.7109173126614987,1.0,9,111.0,1264935650.0
GSMF,0.7109173126614986,1.0,4,101.0,597344700.0
COCO,0.7102713178294574,3.0,22,133.0,87470071900.0
NZIA,0.7099483204134367,0.0,12,173.0,4829696950.0
SGER,0.709625322997416,0.0,3,700.0,33290500750.0
OILS,0.7080103359173127,0.0,6,306.0,2207825900.0
RODA,0.7076873385012921,0.0,3,64.0,1021794550.0
APEX,0.7067183462532299,0.0,6,183.0,3290366000.0
YPAS,0.7063953488372093,3.0,15,1340.0,426405500.0
KOKA,0.7060723514211886,1.0,11,187.0,2079854600.0
NIKL,0.7038113695090438,0.0,6,216.0,1201713450.0
PGJO,0.70187338501292,0.0,0,880.0,617329500.0
MEDC,0.7018733850129198,0.0,0,1460.0,79660366250.0
FIRE,0.6999354005167959,0.0,9,124.0,3182097800.0
KBLI,0.6996124031007752,0.0,0,366.0,341400000.0
SMBR,0.6996124031007752,0.0,1,172.0,841589900.0
RSGK,0.6992894056847545,0.0,0,1075.0,24656250.0
SMIL,0.6986434108527132,0.0,6,426.0,17056705800.0
VRNA,0.6979974160206719,1.0,1,85.0,275388050.0
MGLV,0.6967054263565892,0.0,0,14400.0,17227711250.0
FISH,0.6963824289405685,0.0,8,650.0,29211000.0
TMPO,0.6912144702842378,2.0,8,151.0,3524952700.0
AALI,0.6912144702842377,0.0,0,8600.0,14447871250.0
INAI,0.6895994832041343,1.0,7,182.0,191526250.0
TAPG,0.6883074935400517,0.0,0,2210.0,36539443000.0
NAYZ,0.687984496124031,0.0,0,75.0,2142528550.0
JAST,0.6876614987080103,0.0,2,89.0,1207949150.0
OBMD,0.6876614987080103,0.0,2,200.0,161701150.0
CUAN,0.6876614987080103,0.0,7,925.0,392367683750.0
MMLP,0.687015503875969,0.0,0,338.0,203449900.0
INDR,0.687015503875969,0.0,1,2880.0,83212500.0
TRUS,0.6866925064599483,2.0,6,442.0,46282400.0
FAST,0.6857235142118863,0.0,10,426.0,7153556200.0
SMKL,0.6847545219638242,0.0,1,160.0,25683600.0
ESTI,0.6841085271317829,1.0,7,160.0,579422300.0
GULA,0.6815245478036176,0.0,7,815.0,19841922250.0
CBPE,0.6799095607235143,1.0,6,505.0,67316600.0
MBMA,0.6789405684754521,0.0,2,545.0,59601216900.0
BFIN,0.6753875968992249,0.0,1,965.0,16163277500.0
IMJS,0.6744186046511629,0.0,6,189.0,747509300.0
DSNG,0.6737726098191215,0.0,0,1690.0,7401259250.0
CINT,0.6702196382428941,0.0,4,195.0,39655900.0
ABDA,0.6695736434108527,0.0,2,4960.0,15899000.0
PURI,0.6689276485788114,0.0,8,159.0,1101494850.0
OLIV,0.6686046511627908,0.0,0,56.0,831598600.0
PDPP,0.6686046511627907,0.0,0,340.0,62901400.0
EMAS,0.6666666666666667,0.0,1,7650.0,127957977500.0
LTLS,0.6640826873385013,0.0,0,1010.0,165744500.0
NINE,0.6618217054263565,0.0,0,85.0,1080016050.0
WOMF,0.6618217054263565,0.0,0,280.0,81957500.0
DFAM,0.6611757105943152,0.0,6,92.0,959748850.0
HRTA,0.6608527131782946,0.0,2,2200.0,17987263500.0
BOLA,0.6608527131782945,0.0,0,174.0,191413650.0
NIRO,0.6582687338501292,0.0,5,178.0,66298250.0
TINS,0.6579457364341086,0.0,0,4750.0,203437569000.0
PTBA,0.6572997416020672,0.0,0,3090.0,113185215000.0
BUMI,0.6540697674418604,0.0,0,193.0,643086229550.0
JSPT,0.6511627906976745,0.0,16,1465.0,34701250.0
SHIP,0.6489018087855297,0.0,4,2720.0,266611500.0
WINS,0.648578811369509,0.0,0,610.0,1385599500.0
DSFI,0.6479328165374678,0.0,0,92.0,575631850.0
LION,0.6447028423772609,0.0,23,370.0,27371400.0
DIVA,0.6434108527131783,0.0,9,142.0,373872350.0
MARK,0.6414728682170543,0.0,1,1180.0,14713145500.0
IFII,0.6408268733850129,0.0,1,210.0,15866800.0
NFCX,0.6408268733850129,0.0,1,1700.0,16447750.0
PART,0.6395348837209303,0.0,2,110.0,1076912850.0
ANTM,0.6385658914728682,0.0,0,3340.0,363508885000.0
URBN,0.6382428940568475,0.0,1,230.0,30909100.0
NEST,0.6382428940568475,0.0,2,740.0,3678334750.0
MAPI,0.6379198966408268,0.0,0,1500.0,6635606000.0
NOBU,0.6363049095607235,0.0,2,530.0,1080707350.0
SNLK,0.6350129198966408,0.0,0,250.0,3457420400.0
ASRM,0.6340439276485788,0.0,0,290.0,4665100.0
MMIX,0.6330749354005167,2.0,8,860.0,21984072750.0
UCID,0.62984496124031,0.0,0,510.0,660482500.0
SWID,0.6291989664082688,0.0,4,124.0,1186511800.0
RUNS,0.6272609819121446,0.0,0,68.0,69842700.0
FITT,0.625,0.0,16,440.0,601147100.0
PEGE,0.6243540051679587,1.0,15,132.0,2638571950.0
GEMA,0.6227390180878554,0.0,1,91.0,245304050.0
LMAX,0.6224160206718345,0.0,0,107.0,81972500.0
IBOS,0.622093023255814,0.0,0,90.0,1057965150.0
PTRO,0.6217700258397933,0.0,2,5325.0,219966207500.0
HYGN,0.6217700258397933,0.0,0,183.0,348184850.0
DGNS,0.6211240310077519,0.0,3,278.0,231456900.0
CRAB,0.6162790697674418,0.0,0,226.0,106681200.0
AMAR,0.6159560723514212,0.0,1,240.0,92924700.0
CARS,0.6153100775193799,0.0,0,114.0,704855350.0
APII,0.6136950904392765,0.0,0,200.0,14478950.0
MDIA,0.6136950904392765,1.0,2,191.0,45025410750.0
KUAS,0.6127260981912144,0.0,3,100.0,1834357050.0
POLI,0.6120801033591731,0.0,0,925.0,26251000.0
RMKO,0.6114341085271319,2.0,16,322.0,2481213600.0
TOTL,0.6114341085271318,0.0,1,1545.0,6719605000.0
INTD,0.6107881136950905,0.0,7,246.0,111607200.0
DART,0.6104651162790697,1.0,5,168.0,160580750.0
KOPI,0.6101421188630491,0.0,8,210.0,140351900.0
MTEL,0.6101421188630491,0.0,0,500.0,13746529100.0
CBUT,0.6049741602067182,0.0,4,1035.0,185379250.0
SBMA,0.6046511627906976,0.0,0,117.0,117408800.0
GZCO,0.6040051679586564,0.0,3,188.0,4498098600.0
TLDN,0.6030361757105944,0.0,0,620.0,872127250.0
EPMT,0.6027131782945736,0.0,0,2650.0,117622000.0
DKHH,0.599483204134367,0.0,1,68.0,1036304250.0
BIPP,0.5985142118863049,0.0,2,67.0,931041000.0
HDFA,0.5968992248062016,0.0,2,102.0,69535050.0
AMMS,0.5968992248062016,0.0,0,218.0,134496250.0
BSIM,0.5956072351421189,1.0,3,1020.0,354464000.0
MDKA,0.5943152454780362,0.0,1,2900.0,91147891000.0
PADA,0.5923772609819121,0.0,4,194.0,9887884750.0
BMAS,0.5901162790697674,0.0,1,505.0,128315150.0
HAJJ,0.5881782945736433,0.0,0,112.0,790059000.0
MPOW,0.5859173126614987,0.0,5,114.0,740140850.0
INTP,0.5859173126614987,0.0,0,5200.0,5154341250.0
HOPE,0.5813953488372092,0.0,3,226.0,13169774400.0
TKIM,0.5791343669250646,0.0,2,7525.0,24966185000.0
SMAR,0.578811369509044,0.0,1,6225.0,703247500.0
SMGA,0.5784883720930233,0.0,0,86.0,1198569550.0
UNIQ,0.5784883720930232,0.0,1,122.0,199056700.0
INDY,0.5771963824289406,0.0,2,2730.0,65340999500.0
COIN,0.5739664082687339,1.0,10,755.0,34369686500.0
MAHA,0.5723514211886305,0.0,1,148.0,616829500.0
KLIN,0.5720284237726099,0.0,0,118.0,17716100.0
STAA,0.5684754521963824,0.0,0,1200.0,6214924250.0
BDKR,0.5684754521963824,0.0,4,159.0,1124001400.0
INKP,0.5662144702842378,0.0,0,8625.0,33547925000.0
HALO,0.5658914728682171,0.0,2,72.0,709105450.0
PORT,0.5636304909560723,0.0,5,960.0,24708000.0
SLIS,0.5636304909560723,0.0,5,88.0,3135804850.0
LINK,0.5607235142118863,0.0,4,1745.0,51874750.0
ASLC,0.5591085271317828,0.0,1,66.0,488390200.0
SMGR,0.5578165374677002,0.0,0,1550.0,35241825250.0
DAYA,0.5565245478036176,0.0,0,1075.0,8422750.0
BINO,0.5555555555555556,0.0,2,115.0,64950150.0
ERAL,0.5539405684754523,0.0,0,324.0,2541008600.0
RCCC,0.5529715762273902,0.0,0,115.0,92349050.0
BELI,0.5516795865633075,2.0,2,280.0,528637800.0
CBDK,0.5494186046511629,0.0,0,3750.0,10240435500.0
ESTA,0.5494186046511628,0.0,5,182.0,162125550.0
HELI,0.5487726098191215,0.0,11,208.0,240094750.0
TMAS,0.5487726098191215,0.0,0,144.0,1043438300.0
BBRI,0.5484496124031008,0.0,0,3310.0,511530854500.0
AISA,0.54812661498708,0.0,1,120.0,464572050.0
MEJA,0.5478036175710594,0.0,0,112.0,3463418650.0
DSSA,0.5474806201550387,0.0,3,1060.0,426503500750.0
DOID,0.5468346253229974,0.0,0,234.0,1023709500.0
APLI,0.5419896640826873,0.0,2,284.0,94230500.0
VERN,0.5410206718346253,0.0,0,230.0,2164812900.0
CPIN,0.5397286821705426,0.0,0,3150.0,89720855000.0
AUTO,0.5377906976744187,0.0,0,3360.0,9947487500.0
MTWI,0.536498708010336,0.0,0,272.0,16891900.0
LOPI,0.5361757105943152,0.0,0,64.0,825664400.0
INPC,0.5348837209302325,0.0,3,152.0,1203296800.0
BNGA,0.5342377260981912,0.0,0,1765.0,4005012500.0
GOLF,0.5335917312661499,0.0,2,174.0,423642050.0
PRDA,0.5332687338501292,0.0,0,2810.0,2300966500.0
KPIG,0.5326227390180879,0.0,1,68.0,17935236350.0
ALDO,0.5316537467700259,1.0,1,955.0,62701000.0
TOOL,0.5300387596899224,0.0,1,71.0,2164922900.0
BSDE,0.5290697674418605,0.0,0,605.0,11276298750.0
AMIN,0.5287467700258397,0.0,3,260.0,18719700.0
PSSI,0.5271317829457365,0.0,0,358.0,102636400.0
ARII,0.5268087855297158,0.0,6,284.0,52081200.0
CFIN,0.5268087855297158,0.0,0,374.0,924714100.0
UNTR,0.5264857881136951,0.0,0,24825.0,89218191250.0
BDMN,0.5258397932816538,0.0,1,4400.0,7639914500.0
BUKK,0.5242248062015504,0.0,9,1030.0,54050250.0
PTPS,0.523578811369509,0.0,0,161.0,351966300.0
SIPD,0.5229328165374677,0.0,0,870.0,23660750.0
BABY,0.522609819121447,1.0,10,202.0,452330000.0
OBAT,0.5219638242894057,0.0,2,246.0,90829600.0
CLEO,0.5209948320413437,0.0,0,422.0,5599266100.0
PRAY,0.5203488372093024,0.0,0,720.0,7528500.0
SRAJ,0.5200258397932817,1.0,6,12900.0,25173750.0
PSDN,0.519702842377261,0.0,8,135.0,804838300.0
DMAS,0.5193798449612403,0.0,0,192.0,69597171350.0
MYOH,0.5193798449612403,0.0,0,1045.0,104241500.0
PRIM,0.5193798449612402,0.0,2,120.0,535207100.0
RBMS,0.517764857881137,1.0,1,61.0,991134350.0
ARTA,0.5177648578811369,0.0,2,2150.0,3556500.0
ADMG,0.5174418604651162,0.0,0,248.0,291702200.0
BINA,0.5167958656330749,0.0,0,4060.0,923992000.0
ASGR,0.5161498708010337,0.0,1,2120.0,2047100000.0
LRNA,0.5161498708010336,0.0,4,216.0,42740250.0
SKRN,0.5161498708010336,0.0,4,408.0,73873700.0
SDMU,0.5151808785529716,1.0,2,92.0,1478176100.0
STAR,0.514857881136951,2.0,9,380.0,43925600.0
ITMA,0.5142118863049095,0.0,5,1455.0,87937500.0
IFSH,0.5132428940568475,0.0,13,1025.0,8894000.0
YULE,0.5129198966408268,0.0,0,3600.0,4575500.0
EMDE,0.5122739018087855,0.0,1,77.0,622676550.0
CITY,0.5100129198966409,0.0,10,177.0,145424700.0
MIKA,0.5093669250645995,0.0,0,1725.0,7312577750.0
TRGU,0.5090439276485789,0.0,0,170.0,53365150.0
DKFT,0.5090439276485788,0.0,0,685.0,3662551250.0
SRTG,0.5074289405684754,0.0,0,1845.0,7129422000.0
SICO,0.5067829457364341,0.0,1,114.0,374784750.0
MAPA,0.5061369509043928,0.0,0,690.0,7832086250.0
KAQI,0.5058139534883721,0.0,3,95.0,3265709100.0
BRNA,0.5032299741602067,0.0,3,680.0,292646250.0
MSKY,0.5032299741602067,0.0,5,68.0,774976400.0
BLES,0.502906976744186,0.0,0,195.0,2792678150.0
WEHA,0.5016149870801033,0.0,3,113.0,506052250.0
MKTR,0.5012919896640827,0.0,1,126.0,62690300.0
GLVA,0.5006459948320414,0.0,2,338.0,11255500.0
BUKA,0.4970930232558139,0.0,0,104.0,10108503600.0
BBRM,0.4932170542635659,1.0,5,119.0,470244000.0
TBIG,0.4922480620155039,0.0,1,1470.0,651338250.0
IATA,0.4899870801033592,0.0,0,113.0,104374255250.0
DCII,0.4886950904392765,0.0,13,201950.0,101187500.0
FUTR,0.48869509043927645,2.0,5,254.0,17480947800.0
MCAS,0.4883720930232558,3.0,4,266.0,563915600.0
NTBK,0.4877260981912145,2.0,8,77.0,1672365900.0
HATM,0.4867571059431524,0.0,0,555.0,10832936750.0
CLAY,0.48578811369509045,0.0,7,2740.0,38353000.0
LPPS,0.4851421188630491,0.0,2,82.0,129658650.0
INCO,0.48481912144702843,0.0,0,4860.0,70163855500.0
OPMS,0.48352713178294576,0.0,6,113.0,305307700.0
BTPS,0.48158914728682173,0.0,0,980.0,2639241750.0
STRK,0.4812661498708011,0.0,2,62.0,559558550.0
ENZO,0.481266149870801,1.0,3,76.0,1520901700.0
MLPT,0.48062015503875977,3.0,24,1220.0,4328473500.0
IKBI,0.480297157622739,0.0,9,535.0,253437000.0
KSIX,0.4796511627906977,0.0,0,416.0,177105600.0
LUCK,0.478359173126615,0.0,2,115.0,510659600.0
UNIC,0.4780361757105943,0.0,0,15000.0,271073750.0
KAEF,0.477390180878553,0.0,3,442.0,436147700.0
GOLD,0.4770671834625323,0.0,7,280.0,34366300.0
BSSR,0.4751291989664082,0.0,0,4960.0,5504143000.0
PMJS,0.4748062015503876,0.0,1,144.0,230861250.0
PGEO,0.4744832041343669,0.0,0,1060.0,11022210750.0
ISAT,0.4741602067183463,0.0,0,2370.0,186673265500.0
ITMG,0.47416020671834624,0.0,0,26700.0,38678945000.0
MTLA,0.47383720930232565,0.0,0,515.0,4679750.0
BOLT,0.4728682170542636,0.0,1,825.0,8363750.0
ELSA,0.47254521963824286,0.0,0,695.0,14797348750.0
PADI,0.4715762273901809,0.0,3,62.0,11431919700.0
LAJU,0.4702842377260982,0.0,2,68.0,1307813050.0
AMRT,0.4699612403100775,0.0,0,1300.0,39213770250.0
CTTH,0.46770025839793283,0.0,6,128.0,1493108150.0
BCIC,0.4677002583979328,0.0,1,135.0,93458550.0
DMND,0.46705426356589147,0.0,0,630.0,21739000.0
CASA,0.4652777777777778,0.0,1,1800.0,20115000.0
PGLI,0.46447028423772607,0.0,9,200.0,32374500.0
ARGO,0.46350129198966405,0.0,9,1170.0,189532750.0
INDO,0.46317829457364346,0.0,2,183.0,5224796250.0
SMRA,0.4631782945736434,0.0,0,278.0,7454812300.0
PYFA,0.4609173126614987,0.0,5,246.0,4530540200.0
ATAP,0.459625322997416,0.0,9,555.0,618020500.0
PSKT,0.4593023255813954,0.0,3,230.0,3340696600.0
HRUM,0.45930232558139533,0.0,0,890.0,15743925000.0
ASJT,0.45801033591731266,0.0,1,161.0,36262550.0
IKAN,0.4560723514211886,0.0,2,88.0,790418500.0
VKTR,0.4554263565891472,0.0,0,785.0,68444073000.0
TAMA,0.4541343669250646,1.0,1,202.0,1709642350.0
PMUI,0.45381136950904394,0.0,0,104.0,296885250.0
MBSS,0.4531653746770026,0.0,4,2900.0,3894987000.0
HEAL,0.4528423772609819,0.0,0,660.0,10088183500.0
PTPW,0.4509043927648579,2.0,2,1160.0,36594000.0
SGRO,0.45058139534883723,1.0,3,4540.0,252353000.0
KOTA,0.4505813953488372,0.0,0,187.0,70157342400.0
AKRA,0.4502583979328165,0.0,1,1470.0,19899209750.0
SAMF,0.4492894056847545,0.0,1,312.0,126550200.0
BBYB,0.4492894056847545,0.0,3,228.0,7181603500.0
FORE,0.4492894056847545,0.0,3,795.0,4072976250.0
IMAS,0.4476744186046511,0.0,3,865.0,156205000.0
RANC,0.44735142118863047,0.0,8,560.0,14234500.0
ENRG,0.44670542635658916,0.0,1,1305.0,105950590000.0
TGKA,0.44670542635658916,0.0,0,5000.0,4226500.0
RIGS,0.44589793281653745,0.0,1,605.0,36605500.0
IRRA,0.44573643410852715,0.0,2,366.0,178040300.0
ISEA,0.44541343669250644,0.0,4,89.0,892487000.0
PNSE,0.4444444444444445,0.0,11,488.0,4446150.0
NAIK,0.4441214470284238,0.0,1,92.0,389660500.0
DOSS,0.4437984496124031,0.0,2,171.0,351861550.0
MPXL,0.4421834625322998,0.0,4,166.0,85568450.0
BSML,0.44218346253229973,0.0,0,555.0,6961235250.0
OMRE,0.44137596899224807,0.0,9,920.0,12480750.0
BOGA,0.44121447028423777,0.0,6,1615.0,23314750.0
ABMM,0.440891472868217,0.0,0,2760.0,1733511000.0
BPII,0.43992248062015504,0.0,1,468.0,12435500.0
UDNG,0.4395994832041344,0.0,0,490.0,4626678750.0
BATR,0.438953488372093,0.0,1,91.0,43154150.0
SCMA,0.438468992248062,0.0,0,184.0,7285472700.0
GEMS,0.437984496124031,0.0,0,7275.0,969428750.0
AMFG,0.43733850129198965,0.0,0,3290.0,24138500.0
JKON,0.43733850129198965,1.0,1,82.0,1348567650.0
ASII,0.437015503875969,0.0,0,4820.0,203803313000.0
ESIP,0.4368540051679587,0.0,4,115.0,1208237500.0
CHEM,0.4363695090439277,0.0,3,64.0,627330050.0
KINO,0.4354005167958656,0.0,0,1380.0,67745000.0
TOTO,0.43410852713178294,0.0,0,242.0,101487500.0
BTON,0.43410852713178294,0.0,1,370.0,6849600.0
ZATA,0.4337855297157623,1.0,7,63.0,3249999100.0
ISSP,0.4328165374677003,0.0,0,410.0,665240400.0
DEWA,0.4318475452196382,0.0,0,370.0,188240439600.0
BMHS,0.42894056847545226,0.0,1,200.0,180244650.0
BESS,0.4289405684754522,0.0,5,920.0,60037250.0
KLBF,0.42829457364341084,0.0,0,760.0,61148402500.0
TRON,0.42764857881136953,0.0,5,102.0,1714463700.0
MKAP,0.4273255813953488,0.0,4,1110.0,41402750.0
ACRO,0.4273255813953488,0.0,2,63.0,323159850.0
MBAP,0.42700258397932817,0.0,0,1695.0,87385750.0
SIMP,0.4257105943152455,0.0,0,625.0,8024329750.0
LPPF,0.42506459948320413,0.0,0,1525.0,2052651750.0
ADRO,0.42312661498708015,0.0,0,2640.0,100524799500.0
BELL,0.42248062015503873,0.0,7,102.0,1419265150.0
LMPI,0.4221576227390181,0.0,5,161.0,83343650.0
BPFI,0.4215116279069767,0.0,0,248.0,20014300.0
NCKL,0.42118863049095606,0.0,0,920.0,40690503750.0
APLN,0.421188630490956,1.0,1,126.0,2893437950.0
KMDS,0.4208656330749354,0.0,0,525.0,50415000.0
PTIS,0.4202196382428941,0.0,14,256.0,24828800.0
BMRI,0.419250645994832,0.0,0,4260.0,549678379000.0
NISP,0.41860465116279066,0.0,0,1275.0,4728000750.0
MICE,0.41828165374677,0.0,2,550.0,6745750.0
SILO,0.41795865633074936,0.0,0,1960.0,693936500.0
BBCA,0.41731266149870805,0.0,0,6300.0,641545448750.0
BTPN,0.4160206718346253,0.0,1,2340.0,51354000.0
CMRY,0.4160206718346253,0.0,0,4500.0,12115553000.0
CSAP,0.4156976744186046,0.0,1,290.0,45610900.0
PTPP,0.41408268733850123,0.0,1,196.0,1755456900.0
SMMA,0.41375968992248063,0.0,2,20025.0,28928750.0
TLKM,0.41311369509043927,0.0,0,2560.0,218506756000.0
RGAS,0.41279069767441867,0.0,0,107.0,4775729050.0
PPRE,0.41279069767441856,0.0,7,104.0,2624942550.0
GJTL,0.4124677002583979,0.0,1,1335.0,6947239250.0
ROCK,0.41214470284237725,1.0,18,1990.0,84963750.0
RDTX,0.41198320413436695,0.0,3,13100.0,4021250.0
KLAS,0.4111757105943153,0.0,1,84.0,784208550.0
LPIN,0.41117571059431524,0.0,0,434.0,39794500.0
PNGO,0.4089147286821706,0.0,2,3600.0,7534000.0
NSSS,0.40891472868217055,0.0,0,790.0,4857882000.0
FILM,0.4076227390180879,0.0,3,730.0,24233990500.0
AMOR,0.40665374677002586,0.0,0,370.0,35197000.0
SKBM,0.4060077519379845,2.0,24,525.0,100084000.0
GUNA,0.40471576227390177,0.0,0,220.0,40894600.0
FAPA,0.4037467700258398,0.0,0,7425.0,7473750.0
CBRE,0.4037467700258398,0.0,11,725.0,9022597750.0
GGRP,0.40342377260981915,0.0,2,328.0,349158100.0
MDKI,0.4027777777777778,0.0,0,191.0,40246600.0
BKSL,0.4027777777777778,0.0,0,69.0,10411377650.0
BEST,0.4024547803617571,0.0,0,124.0,7221986500.0
FWCT,0.4021317829457364,0.0,2,90.0,358582500.0
KBLV,0.40116279069767447,0.0,5,123.0,1941675800.0
DWGL,0.40083979328165376,1.0,14,222.0,1836111700.0
SCNP,0.40051679586563305,0.0,1,159.0,41401200.0
BRAM,0.40019379844961245,0.0,0,4680.0,2067000.0
INPP,0.39987080103359174,0.0,1,710.0,75127000.0
ASRI,0.39987080103359174,0.0,0,124.0,1511760900.0
MNCN,0.39906330749354,0.0,0,188.0,9402793200.0
YELO,0.3972868217054263,0.0,1,92.0,7434066700.0
HERO,0.3969638242894057,0.0,5,338.0,53458000.0
RUIS,0.3969638242894057,0.0,4,202.0,200381400.0
BUDI,0.396640826873385,0.0,0,226.0,54207700.0
FMII,0.3964793281653747,0.0,18,238.0,4230000.0
AKPI,0.39599483204134367,0.0,0,530.0,208402600.0
MSTI,0.39567183462532307,0.0,0,1360.0,1838823000.0
KMTR,0.3950258397932817,0.0,2,252.0,19025000.0
TPMA,0.39405684754521964,0.0,0,476.0,610055100.0
SKLT,0.39405684754521964,0.0,7,204.0,38031000.0
APIC,0.39405684754521964,0.0,3,412.0,579601750.0
EMTK,0.3932493540051679,0.0,1,468.0,21260009400.0
YUPI,0.3930878552971576,2.0,2,1295.0,65379000.0
JSMR,0.39276485788113696,0.0,0,2880.0,6494065000.0
PWON,0.3927648578811369,0.0,0,268.0,9246025700.0
BBNI,0.3927648578811369,0.0,0,3650.0,121218810500.0
MPRO,0.39244186046511625,1.0,9,11675.0,26445000.0
LPKR,0.3922803617571059,0.0,1,53.0,8910157050.0
PNIN,0.3921188630490956,0.0,0,710.0,164878750.0
RICY,0.3921188630490956,0.0,4,79.0,106412150.0
EURO,0.39179586563307495,0.0,0,1455.0,548288250.0
BOAT,0.3917958656330749,0.0,1,139.0,387006450.0
OMED,0.3911498708010336,0.0,0,216.0,4672850400.0
KRAS,0.39082687338501293,0.0,2,226.0,903011200.0
JPFA,0.3908268733850129,0.0,0,2280.0,33965036500.0
CAKK,0.3905038759689922,0.0,1,164.0,56738300.0
ELPI,0.3900193798449612,0.0,5,620.0,737608500.0
DGIK,0.3898578811369509,0.0,0,135.0,1389245700.0
SDPC,0.38953488372093026,0.0,6,193.0,52855900.0
DRMA,0.38953488372093026,0.0,0,965.0,714569750.0
DEPO,0.3888888888888889,1.0,5,244.0,77039900.0
MRAT,0.38872739018087854,0.0,7,356.0,112447800.0
UFOE,0.3879198966408268,0.0,4,143.0,58486950.0
IDPR,0.3875968992248062,0.0,3,268.0,10598200.0
SMSM,0.3863049095607235,0.0,0,1720.0,4258704000.0
OKAS,0.3863049095607235,0.0,5,116.0,571535700.0
VINS,0.38598191214470284,0.0,4,143.0,58805050.0
PAMG,0.38598191214470284,0.0,2,53.0,358512400.0
HGII,0.38501291989664077,0.0,0,140.0,225004100.0
TRST,0.38404392764857886,0.0,0,474.0,30969100.0
BISI,0.3830749354005168,0.0,0,730.0,168343000.0
CSIS,0.3817829457364341,0.0,7,204.0,375250900.0
PGAS,0.3814599483204134,0.0,0,1475.0,43884225000.0
CITA,0.38016795865633074,0.0,1,3480.0,531207000.0
MIDI,0.37790697674418605,0.0,1,268.0,2427276100.0
CGAS,0.3772609819121447,0.0,4,151.0,550971350.0
ICBP,0.37693798449612403,0.0,0,6900.0,28142696250.0
RAAM,0.37677648578811374,0.0,4,174.0,200580450.0
BNBA,0.3766149870801033,0.0,3,790.0,283828250.0
GIAA,0.3766149870801033,0.0,0,62.0,8118358350.0
MERK,0.375,0.0,0,3900.0,81619000.0
BJBR,0.375,0.0,0,755.0,1629995250.0
AWAN,0.37467700258397935,0.0,1,162.0,71132750.0
GDYR,0.3746770025839793,0.0,0,1110.0,7542000.0
BKSW,0.374515503875969,0.0,0,50.0,125938450.0
EXCL,0.37435400516795864,0.0,0,2500.0,14621205500.0
WOWS,0.37322351421188626,0.0,2,53.0,1962091550.0
TCPI,0.37290051679586567,0.0,0,1450.0,9955453750.0
TYRE,0.37273901808785526,0.0,0,112.0,146483500.0
ASHA,0.3722545219638243,0.0,1,51.0,1134970750.0
LAND,0.37209302325581395,1.0,3,70.0,1057076150.0
KDTN,0.37144702842377264,1.0,7,376.0,1918608100.0
BMTR,0.3714470284237726,0.0,0,115.0,6850919550.0
BNLI,0.37112403100775193,0.0,0,2100.0,96228500.0
PANS,0.36918604651162795,0.0,0,1655.0,255964250.0
PBID,0.36660206718346255,0.0,0,525.0,473485500.0
KOBX,0.3659560723514212,1.0,4,177.0,385624550.0
PNLF,0.36563307493540054,0.0,0,210.0,4704220100.0
LABA,0.3653100775193798,0.0,5,124.0,4700505250.0
GHON,0.3653100775193798,0.0,0,1640.0,16038250.0
WIFI,0.3649870801033592,0.0,6,1930.0,50836864750.0
PJHB,0.3649870801033592,0.0,2,176.0,430327650.0
ZONE,0.3624031007751938,3.0,5,695.0,48053500.0
DGWG,0.36046511627906974,0.0,0,328.0,3442346300.0
BGTG,0.35981912144702843,0.0,0,116.0,678885450.0
GMTD,0.3594961240310077,0.0,3,1220.0,38880750.0
TOBA,0.35917312661498707,0.0,2,510.0,8793854750.0
KRYA,0.35723514211886304,0.0,6,65.0,1970359750.0
IOTF,0.356266149870801,0.0,3,62.0,2541712250.0
ADMR,0.3556201550387597,0.0,1,1590.0,60936154750.0
AMAG,0.35497416020671835,0.0,0,386.0,25413100.0
HMSP,0.35465116279069764,0.0,0,650.0,9293331000.0
MGRO,0.35432816537467704,0.0,0,685.0,2641131500.0
MCOR,0.353359173126615,0.0,0,68.0,228124400.0
MTDL,0.35319767441860467,0.0,0,496.0,1181937000.0
YOII,0.3530361757105943,0.0,0,81.0,273039800.0
DVLA,0.3527131782945736,0.0,0,1585.0,66493250.0
BCIP,0.352390180878553,0.0,1,59.0,361371250.0
CARE,0.3520671834625323,0.0,4,406.0,109187000.0
GGRM,0.351421188630491,0.0,1,17900.0,20088581250.0
MAIN,0.35125968992248063,0.0,1,665.0,982396250.0
ITIC,0.35045219638242897,0.0,4,204.0,70965100.0
BAYU,0.35012919896640826,0.0,0,1330.0,215022750.0
JGLE,0.34980620155038755,1.0,1,72.0,39138456200.0
DATA,0.34851421188630494,0.0,10,1685.0,3057750750.0
AGRO,0.34851421188630494,0.0,0,145.0,757355950.0
PSAT,0.3472222222222222,0.0,0,860.0,56545500.0
IPOL,0.3462532299741602,0.0,1,116.0,95921300.0
INDF,0.34593023255813954,0.0,0,7025.0,38120596250.0
MERI,0.3456072351421189,0.0,2,118.0,394726650.0
RLCO,0.34431524547803616,0.0,10,4280.0,1753352500.0
HOKI,0.3412467700258398,0.0,0,50.0,570335850.0
BNII,0.3410852713178295,0.0,0,193.0,104848450.0
SSIA,0.34108527131782945,0.0,2,1730.0,37409762500.0
PNBN,0.3409237726098191,0.0,0,850.0,1498709250.0
ANJT,0.34076227390180874,0.0,1,1605.0,161335750.0
MEGA,0.33882428940568476,0.0,3,1960.0,71750250.0
SPTO,0.33850129198966405,0.0,0,600.0,317260500.0
PZZA,0.33850129198966405,0.0,2,188.0,188771900.0
CTRA,0.3381782945736434,0.0,0,570.0,5789721250.0
WIIM,0.33801679586563305,0.0,0,1395.0,2630578000.0
WEGE,0.3375322997416021,0.0,1,50.0,1631833250.0
MCOL,0.335594315245478,0.0,0,3600.0,86131500.0
DNET,0.334625322997416,0.0,1,9800.0,91241250.0
JTPE,0.334140826873385,0.0,1,585.0,419742250.0
ADES,0.33333333333333337,0.0,0,32175.0,310241250.0
AGRS,0.33317183462532296,0.0,1,59.0,372455550.0
MTMH,0.33301033591731266,0.0,0,925.0,10041500.0
ESSA,0.33042635658914726,0.0,0,605.0,61883367000.0
WTON,0.3301033591731266,0.0,1,78.0,379316400.0
MYOR,0.3291343669250646,0.0,0,1505.0,23920006750.0
GMFI,0.32881136950904394,0.0,0,58.0,6027239000.0
PEHA,0.3278423772609819,0.0,1,290.0,314130600.0
SSTM,0.32751937984496127,0.0,29,460.0,103859100.0
BACA,0.3268733850129199,0.0,1,119.0,203961150.0
PANR,0.32687338501291985,0.0,0,414.0,25731700.0
CMNT,0.32655038759689925,0.0,0,765.0,17507835000.0
MLBI,0.32558139534883723,0.0,0,6875.0,445895000.0
INOV,0.3246124031007752,0.0,5,136.0,304408450.0
CEKA,0.3236434108527132,0.0,0,2200.0,66727000.0
CYBR,0.3233204134366925,0.0,0,520.0,14560878750.0
AVIA,0.3231589147286822,0.0,0,330.0,4052764300.0
DNAR,0.32235142118863047,0.0,4,131.0,137990400.0
EAST,0.32202842377260976,0.0,0,89.0,107401650.0
LPCK,0.3210594315245478,0.0,2,595.0,204501500.0
RISE,0.3200904392764858,0.0,15,800.0,1401200500.0
BALI,0.31976744186046513,1.0,4,1310.0,27938000.0
MKPI,0.31524547803617575,0.0,3,21675.0,893341250.0
ARNA,0.31492248062015504,0.0,0,510.0,1656655700.0
MPMX,0.31427648578811374,0.0,0,1030.0,3679394500.0
SFAN,0.312984496124031,0.0,0,2010.0,101302500.0
MLPL,0.31233850129198965,0.0,1,87.0,2087556150.0
GTBO,0.31185400516795864,0.0,13,148.0,1035450.0
HAIS,0.3113695090439277,0.0,0,185.0,112115200.0
ARKO,0.3112080103359173,0.0,4,3920.0,16199693500.0
TBMS,0.3097545219638243,0.0,2,1245.0,34874750.0
RMKE,0.3089470284237726,0.0,1,394.0,35520691400.0
BPTR,0.3084625322997416,0.0,3,73.0,114607350.0
BULL,0.3081395348837209,0.0,4,390.0,146511494500.0
BIPI,0.3081395348837209,0.0,3,140.0,63451395900.0
SIDO,0.30781653746770027,0.0,0,354.0,8167483700.0
GTSI,0.30781653746770027,0.0,3,147.0,5334423550.0
CLPI,0.3074935400516796,0.0,0,1610.0,116994750.0
BBHI,0.3066860465116279,0.0,4,900.0,12490247500.0
HEXA,0.3057170542635659,0.0,0,4100.0,2170938000.0
BBTN,0.30523255813953487,0.0,0,1170.0,16841710500.0
GPSO,0.30458656330749356,0.0,10,284.0,9483868500.0
KIOS,0.3039405684754522,0.0,4,98.0,2060594150.0
ARTO,0.3028100775193798,0.0,3,905.0,18908241250.0
IGAR,0.30264857881136953,0.0,1,472.0,17792300.0
SUNI,0.30264857881136953,0.0,1,680.0,227523250.0
ROTI,0.3021640826873385,0.0,0,580.0,312078500.0
MINA,0.30022609819121443,0.0,8,238.0,10931080300.0
CHEK,0.30006459948320413,0.0,0,129.0,95456650.0
BUAH,0.2999031007751938,0.0,0,496.0,122309400.0
TALF,0.2997416020671835,2.0,18,680.0,106633750.0
BRPT,0.29844961240310075,0.0,4,1610.0,128123715500.0
TSPC,0.2981266149870801,0.0,0,2770.0,1360523500.0
BAIK,0.29780361757105944,0.0,5,242.0,4363059400.0
UNVR,0.2968346253229974,0.0,0,1650.0,21048018250.0
ATIC,0.2968346253229974,0.0,2,450.0,25263800.0
SONA,0.29521963824289404,0.0,9,2300.0,32716000.0
STTP,0.2945736434108527,0.0,2,9375.0,10833750.0
IPCC,0.29328165374677,0.0,0,1110.0,811874500.0
MSIN,0.291828165374677,0.0,7,290.0,15538173800.0
MAYA,0.2916666666666667,0.0,2,193.0,137215250.0
KDSI,0.290374677002584,0.0,0,446.0,4205600.0
SDRA,0.289890180878553,0.0,0,208.0,209677500.0
PDES,0.289405684754522,1.0,5,390.0,84063900.0
MDIY,0.2890826873385013,0.0,0,940.0,654295250.0
PTMP,0.28875968992248063,0.0,3,62.0,795648050.0
CDIA,0.28843669250646,0.0,4,645.0,41729460500.0
SOLA,0.28811369509043927,0.0,3,89.0,475489800.0
MORA,0.28795219638242897,1.0,16,4850.0,1268860000.0
TFAS,0.28746770025839796,0.0,11,187.0,51136900.0
BAPA,0.28649870801033595,0.0,4,126.0,1447756050.0
ASBI,0.28649870801033595,0.0,0,400.0,5071900.0
RATU,0.2861757105943153,0.0,6,4210.0,51745991500.0
ACES,0.28617571059431524,0.0,0,350.0,6525344400.0
BBKP,0.28601421188630494,0.0,1,50.0,3355771300.0
PEVE,0.2852067183462532,0.0,1,306.0,378649400.0
KONI,0.2852067183462532,1.0,23,2090.0,40498000.0
HUMI,0.28488372093023256,0.0,3,127.0,6468578700.0
BLOG,0.2845607235142119,0.0,0,366.0,124555800.0
INDS,0.2832687338501292,0.0,9,254.0,428692900.0
BIRD,0.28229974160206717,0.0,0,1610.0,1316696250.0
TBLA,0.28165374677002586,0.0,0,630.0,1053248500.0
AXIO,0.2793927648578811,0.0,1,114.0,83801950.0
LPLI,0.27810077519379844,0.0,4,230.0,48305300.0
ZYRX,0.27745478036175714,0.0,1,129.0,80242500.0
IPCM,0.2768087855297158,0.0,0,290.0,213225900.0
BVIC,0.2751937984496124,0.0,0,93.0,157238950.0
BUVA,0.27503229974160204,0.0,7,665.0,54515820250.0
GRPM,0.272125322997416,0.0,0,167.0,1108081350.0
SPMA,0.27099483204134367,0.0,2,170.0,86205750.0
ERTX,0.26937984496124034,0.0,13,172.0,104968550.0
MLIA,0.2676033591731266,0.0,0,214.0,16515300.0
RALS,0.2671188630490956,0.0,0,386.0,878344800.0
GOTO,0.2666343669250646,0.0,1,50.0,462155000.0
JRPT,0.2655038759689922,0.0,0,1150.0,542647250.0
PANI,0.26372739018087854,0.0,0,5275.0,32421701250.0
BRIS,0.26372739018087854,0.0,0,1610.0,30647219750.0
SMDM,0.26308139534883723,0.0,13,540.0,21172000.0
CMNP,0.2596899224806202,0.0,3,1370.0,92058500.0
BNBR,0.2596899224806202,0.0,0,86.0,92010808200.0
PBSA,0.2583979328165375,0.0,3,725.0,1108327250.0
LEAD,0.2571059431524548,1.0,2,106.0,2500902200.0
MDLA,0.2564599483204134,0.0,1,206.0,412445100.0
ENAK,0.25597545219638246,0.0,1,212.0,76883500.0
BREN,0.2558139534883721,0.0,4,3180.0,73322169500.0
GOOD,0.25549095607235145,0.0,0,310.0,61160800.0
SUPA,0.2545219638242894,0.0,0,500.0,7091220250.0
DYAN,0.25355297157622736,0.0,1,85.0,330605350.0
MASB,0.2506459948320413,0.0,0,3240.0,34059500.0
MHKI,0.24903100775193798,0.0,1,129.0,460530450.0
ASPR,0.2467700258397933,0.0,1,139.0,3304446200.0
SAME,0.2437015503875969,0.0,0,294.0,271250000.0
TRIS,0.24321705426356588,0.0,4,172.0,148202950.0
LPGI,0.2422480620155039,0.0,2,640.0,5831500.0
DMMX,0.24160206718346253,1.0,2,186.0,225115300.0
PSGO,0.24127906976744184,0.0,1,195.0,62217500.0
CSRA,0.24014857881136953,0.0,0,745.0,295436000.0
RAJA,0.23885658914728683,0.0,3,725.0,52604328250.0
CHIP,0.2369186046511628,0.0,0,735.0,76189750.0
EPAC,0.23530361757105944,0.0,0,50.0,2708273750.0
KEEN,0.23142764857881137,0.0,1,855.0,7455722250.0
ADMF,0.23029715762273903,0.0,0,8725.0,421935000.0
DILD,0.22997416020671835,0.0,0,116.0,1619199650.0
PJAA,0.22868217054263568,0.0,1,468.0,30756200.0
CTBN,0.22803617571059429,0.0,4,3070.0,118560500.0
DAAZ,0.22771317829457366,0.0,3,1635.0,732200000.0
BJTM,0.2270671834625323,0.0,0,520.0,2360380750.0
NPGF,0.2265826873385013,0.0,1,53.0,909769650.0
ASDM,0.2215762273901809,0.0,0,515.0,7529000.0
DLTA,0.21866925064599482,0.0,0,1790.0,112027250.0
IKPM,0.21689276485788112,0.0,0,178.0,47002050.0
BBSS,0.21172480620155038,0.0,7,79.0,1023134450.0
REAL,0.21075581395348839,0.0,2,50.0,39237500.0
PNBS,0.2094638242894057,0.0,0,50.0,14197500.0
CNMA,0.20768733850129198,0.0,1,91.0,2222966300.0
GPRA,0.20671834625323,0.0,0,102.0,13409182200.0
AMAN,0.20623385012919898,0.0,9,220.0,72769700.0
TPIA,0.20251937984496124,0.0,1,1835.0,362657351500.0
KEJU,0.19993540051679587,0.0,7,595.0,51654750.0
TCID,0.19880490956072353,0.0,3,2540.0,7193000.0
OASA,0.19509043927648578,0.0,7,278.0,7123530600.0
BEER,0.19331395348837208,0.0,3,76.0,1318646100.0
SOTS,0.19121447028423771,0.0,28,600.0,145493250.0
WOOD,0.1876614987080103,0.0,1,196.0,653520400.0
BANK,0.18685400516795864,0.0,1,254.0,703199700.0
LIVE,0.18685400516795864,0.0,4,181.0,857049600.0
CASS,0.18507751937984496,0.0,1,1835.0,196843750.0
ASSA,0.1820090439276486,0.0,0,595.0,8861418000.0
PALM,0.1802325581395349,0.0,0,290.0,66770200.0
SULI,0.17990956072351422,1.0,3,85.0,756490200.0
NICL,0.1781330749354005,0.0,7,452.0,23394322800.0
CPRO,0.17764857881136953,0.0,1,50.0,180555000.0
PUDP,0.1776485788113695,0.0,15,272.0,49352500.0
BOBA,0.1753875968992248,0.0,7,206.0,158410200.0
WINE,0.16101421188630494,0.0,6,129.0,135867100.0
NELY,0.1532622739018088,0.0,1,204.0,224076700.0
BBMD,0.15229328165374678,0.0,0,1900.0,3238000.0
BCAP,0.15035529715762275,0.0,0,50.0,6107500.0
ATLA,0.14680232558139536,0.0,4,50.0,19247500.0
MAXI,0.14486434108527133,0.0,1,50.0,3432500.0
DADA,0.14421834625322996,0.0,0,50.0,5112500.0
BABP,0.14324935400516797,0.0,0,50.0,9680000.0
MDLN,0.14131136950904394,0.0,0,50.0,16470000.0
JIHD,0.13614341085271317,0.0,7,430.0,83023500.0
HDIT,0.1128875968992248,0.0,1,50.0,97387500.0
TIRA,0.11127260981912145,0.0,3,390.0,207778400.0
SATU,0.10998062015503876,0.0,3,238.0,44034700.0
WMUU,0.10513565891472869,0.0,0,50.0,133892500.0
NETV,0.10093669250645995,0.0,2,50.0,40830000.0
BSBK,0.09544573643410853,0.0,6,50.0,129242500.0
